<?xml version="1.0" encoding="UTF-8"?>
<project-private xmlns="http://www.netbeans.org/ns/project-private/1">
    <editor-bookmarks xmlns="http://www.netbeans.org/ns/editor-bookmarks/2" lastBookmarkId="0"/>
    <open-files xmlns="http://www.netbeans.org/ns/projectui-open-files/2">
        <group>
            <file>file:/C:/Users/Dan/Documents/NetBeansProjects/Cliente_Servidor/Proyecto_ProC/src/proyecto_proc/Menu.java</file>
            <file>file:/C:/Users/Dan/Documents/NetBeansProjects/Cliente_Servidor/Proyecto_ProC/src/proyecto_proc/Mantenimiento.java</file>
            <file>file:/C:/Users/Dan/Documents/NetBeansProjects/Cliente_Servidor/Proyecto_ProC/src/proyecto_proc/Empleado.java</file>
            <file>file:/C:/Users/Dan/Documents/NetBeansProjects/Cliente_Servidor/Proyecto_ProC/src/proyecto_proc/Proyecto_ProC.java</file>
            <file>file:/C:/Users/Dan/Documents/NetBeansProjects/Cliente_Servidor/Proyecto_ProC/src/proyecto_proc/Empleados.java</file>
            <file>file:/C:/Users/Dan/Documents/NetBeansProjects/Cliente_Servidor/Proyecto_ProC/src/proyecto_proc/Huespedes.java</file>
            <file>file:/C:/Users/Dan/Documents/NetBeansProjects/Cliente_Servidor/Proyecto_ProC/src/proyecto_proc/Habitaciones.java</file>
            <file>file:/C:/Users/Dan/Documents/NetBeansProjects/Cliente_Servidor/Proyecto_ProC/src/proyecto_proc/Configuracion.java</file>
        </group>
    </open-files>
</project-private>
